{
    "artifact_types": {
        "artifact-k8sconfig-content": {
            "derived_from": "tosca.artifacts.Implementation",
            "description": "K8s Config Folder Artifact",
            "version": "1.0.0"
        },
        "artifact-k8sprofile-content": {
            "derived_from": "tosca.artifacts.Implementation",
            "description": "K8s Profile Folder Artifact",
            "version": "1.0.0"
        },
        "artifact-mapping-resource": {
            "derived_from": "tosca.artifacts.Implementation",
            "description": "Resource Mapping File used along with Configuration template",
            "file_ext": [
                "json"
            ],
            "version": "1.0.0"
        },
        "artifact-template-velocity": {
            "derived_from": "tosca.artifacts.Implementation",
            "description": " Velocity Template used for Configuration",
            "file_ext": [
                "vtl"
            ]
        }
    }
}
