{
    "data_types": {
        "dt-config-assign-properties": {
            "derived_from": "tosca.datatypes.Dynamic",
            "description": "Dynamic DataType definition for workflow(config-assign).",
            "properties": {
                "config-deploy-setup": {
                    "description": "configuration for config value setup",
                    "type": "json"
                },
                "service-instance-id": {
                    "constraints": [
                        {}
                    ],
                    "description": "",
                    "entry_schema": {
                        "type": ""
                    },
                    "required": false,
                    "status": "",
                    "type": "string"
                },
                "vf-modules-list": {
                    "type": "json"
                },
                "vf-modules-list-aai": {
                    "description": "list of modules associated with vnf from AAI",
                    "type": "json"
                },
                "vf-modules-list-sdnc": {
                    "description": "list of modules associated with vnf from MDSAL",
                    "type": "json"
                },
                "vnf-id": {
                    "description": "",
                    "required": false,
                    "type": "string"
                }
            },
            "version": "1.0.0"
        },
        "dt-config-deploy-properties": {
            "derived_from": "tosca.datatypes.Dynamic",
            "description": "Dynamic DataType definition for workflow(config-deploy).",
            "properties": {
                "config-deploy-setup": {
                    "description": "configuration for config value setup",
                    "type": "json"
                },
                "service-instance-id": {
                    "constraints": [
                        {}
                    ],
                    "description": "",
                    "entry_schema": {
                        "type": ""
                    },
                    "required": false,
                    "status": "",
                    "type": "string"
                },
                "vf-modules-list-aai": {
                    "description": "list of modules associated with vnf from AAI",
                    "type": "json"
                },
                "vf-modules-list-sdnc": {
                    "description": "list of modules associated with vnf from MDSAL",
                    "type": "json"
                },
                "vnf-id": {
                    "description": "",
                    "required": false,
                    "type": "string"
                }
            }
        },
        "dt-health-check-properties": {
            "description": "Dynamic DataType definition for workflow(health-check).",
            "properties": {
                "config-deploy-setup": {
                    "description": "configuration for config value setup",
                    "type": "json"
                },
                "service-instance-id": {
                    "constraints": [
                        {}
                    ],
                    "description": "",
                    "entry_schema": {
                        "type": ""
                    },
                    "required": false,
                    "status": "",
                    "type": "string"
                },
                "vf-modules-list-aai": {
                    "description": "list of modules associated with vnf from AAI",
                    "type": "json"
                },
                "vf-modules-list-sdnc": {
                    "description": "list of modules associated with vnf from MDSAL",
                    "type": "json"
                },
                "vnf-id": {
                    "description": "",
                    "required": false,
                    "type": "string"
                }
            },
            "version": "1.0.0"
        },
        "dt-resource-assignment-properties": {
            "derived_from": "tosca.datatypes.Dynamic",
            "description": "Dynamic DataType definition for workflow(resource-assignment).",
            "properties": {
                "aic-cloud-region": {
                    "description": "",
                    "required": false,
                    "type": "string"
                },
                "dcae_collector_ip": {
                    "default": "10.0.4.1",
                    "description": "",
                    "required": false,
                    "type": "string"
                },
                "dcae_collector_port": {
                    "default": "30235",
                    "description": "",
                    "required": false,
                    "type": "string"
                },
                "demo_artifacts_version": {
                    "default": "1.6.0",
                    "description": "",
                    "required": false,
                    "type": "string"
                },
                "int_private1_net_cidr": {
                    "description": "",
                    "required": false,
                    "type": "string"
                },
                "int_private2_net_cidr": {
                    "description": "",
                    "required": false,
                    "type": "string"
                },
                "k8s-rb-config-name": {
                    "description": "The source of configuration values for config-deploy operation",
                    "type": "string"
                },
                "k8s-rb-config-template-name": {
                    "description": "The name of configuration template for config-assign operation",
                    "type": "string"
                },
                "k8s-rb-config-template-source": {
                    "description": "The source of configuration template for config-assign operation",
                    "type": "string"
                },
                "k8s-rb-config-value-source": {
                    "description": "The source of configuration values for config-deploy operation",
                    "type": "string"
                },
                "k8s-rb-instance-release-name": {
                    "description": "Name of the release for the helm package instance in k8s",
                    "type": "string"
                },
                "k8s-rb-profile-k8s-version": {
                    "description": "Profile k8s version used in multicloud/k8s plugin",
                    "type": "string"
                },
                "k8s-rb-profile-name": {
                    "description": "Profile name used in multicloud/k8s plugin to identify Helm chart(s) where this mapping is providing override values.",
                    "type": "string"
                },
                "k8s-rb-profile-namespace": {
                    "description": "K8s namespace to create helm chart for specified profile",
                    "type": "string"
                },
                "k8s-rb-profile-source": {
                    "description": "The source folder or file relative to 'Templates/k8s-profiles' folder",
                    "type": "string"
                },
                "management-prefix-id": {
                    "description": "",
                    "required": false,
                    "type": "string"
                },
                "onap_private_net_cidr": {
                    "description": "",
                    "required": false,
                    "type": "string"
                },
                "private1-prefix-id": {
                    "description": "",
                    "required": false,
                    "type": "string"
                },
                "private2-prefix-id": {
                    "description": "",
                    "required": false,
                    "type": "string"
                },
                "service-instance-id": {
                    "description": "",
                    "required": false,
                    "type": "string"
                },
                "vf-module-id": {
                    "description": "",
                    "required": false,
                    "type": "string"
                },
                "vf-module-name": {
                    "description": "",
                    "required": false,
                    "type": "string"
                },
                "vf-module-label": {
                    "description": "",
                    "required": false,
                    "type": "string"
                },
                "vf-module-model-customization-uuid": {
                    "description": "",
                    "required": false,
                    "type": "string"
                },
                "vf-module-model-invariant-uuid": {
                    "type": "string"
                },
                "vf-module-model-version": {
                    "type": "string"
                },
                "vf-naming-policy": {
                    "description": "",
                    "required": false,
                    "type": "string"
                },
                "vnf-id": {
                    "description": "",
                    "required": false,
                    "type": "string"
                },
                "vnf_name": {
                    "description": "",
                    "required": false,
                    "type": "string"
                },
                "vpg-management-port": {
                    "default": 0,
                    "description": "SSH external port of optional ssh service for vPKG.",
                    "type": "integer"
                }
            },
            "version": "1.0.0"
        }
    }
}
