{
    "node_types": {
        "component-k8s-config-template": {
            "attributes": {
                "statuses": {
                    "required": true,
                    "type": "json"
                }
            },
            "capabilities": {
                "component-node": {
                    "type": "tosca.capabilities.Node"
                }
            },
            "derived_from": "tosca.nodes.Component",
            "description": "This component is rendering and sending the k8s template to the multicloud plugin.",
            "interfaces": {
                "K8sConfigTemplateComponent": {
                    "operations": {
                        "process": {
                            "inputs": {
                                "artifact-prefix-names": {
                                    "description": "Resource Assignment Artifact Prefix names",
                                    "entry_schema": {
                                        "type": "string"
                                    },
                                    "required": false,
                                    "type": "list"
                                },
                                "k8s-rb-config-template-name": {
                                    "description": "K8s template name",
                                    "required": false,
                                    "type": "string"
                                },
                                "k8s-rb-config-template-source": {
                                    "description": "Source (tgz/folder) for the template in CBA",
                                    "required": false,
                                    "type": "string"
                                },
                                "k8s-rb-definition-name": {
                                    "description": "K8s definition name",
                                    "required": false,
                                    "type": "string"
                                },
                                "k8s-rb-definition-version": {
                                    "description": "Version of the definition",
                                    "required": false,
                                    "type": "string"
                                },
                                "resource-assignment-map": {
                                    "description": "Holds resolved values for each artifact prefix eg. { vdns: { vnf-id: 123 } }",
                                    "required": false,
                                    "type": "json"
                                }
                            },
                            "outputs": {
                                "statuses": {
                                    "required": true,
                                    "type": "string"
                                }
                            }
                        }
                    }
                }
            },
            "version": "1.0.0"
        },
        "component-k8s-config-value": {
            "attributes": {
                "statuses": {
                    "required": true,
                    "type": "json"
                }
            },
            "capabilities": {
                "component-node": {
                    "type": "tosca.capabilities.Node"
                }
            },
            "derived_from": "tosca.nodes.Component",
            "description": "This component is sending the k8s config value to the multicloud plugin.",
            "interfaces": {
                "K8sConfigValueComponent": {
                    "operations": {
                        "process": {
                            "inputs": {
                                "artifact-prefix-names": {
                                    "description": "Resource Assignment Artifact Prefix names",
                                    "entry_schema": {
                                        "type": "string"
                                    },
                                    "required": false,
                                    "type": "list"
                                },
                                "k8s-config-operation-type": {
                                    "constraints": [
                                        {
                                            "valid_values": [
                                                "create",
                                                "update",
                                                "delete"
                                            ]
                                        }
                                    ],
                                    "default": "create",
                                    "required": false,
                                    "type": "string"
                                },
                                "k8s-instance-id": {
                                    "description": "K8s instance id",
                                    "required": false,
                                    "type": "string"
                                },
                                "k8s-rb-config-name": {
                                    "description": "K8s config name",
                                    "required": false,
                                    "type": "string"
                                },
                                "k8s-rb-config-template-name": {
                                    "description": "K8s template name",
                                    "required": false,
                                    "type": "string"
                                },
                                "k8s-rb-config-value-source": {
                                    "description": "Location of value source in CBA",
                                    "required": false,
                                    "type": "string"
                                },
                                "resource-assignment-map": {
                                    "description": "Holds resolved values for each artifact prefix eg. { vdns: { vnf-id: 123 } }",
                                    "required": false,
                                    "type": "json"
                                }
                            },
                            "outputs": {
                                "statuses": {
                                    "required": true,
                                    "type": "string"
                                }
                            }
                        }
                    }
                }
            },
            "version": "1.0.0"
        },
        "component-k8s-profile-upload": {
            "attributes": {
                "statuses": {
                    "required": true,
                    "type": "json"
                }
            },
            "capabilities": {
                "component-node": {
                    "type": "tosca.capabilities.Node"
                }
            },
            "derived_from": "tosca.nodes.Component",
            "description": "This component is rendering and sending the k8s profile to the multicloud plugin.",
            "interfaces": {
                "K8sProfileUploadComponent": {
                    "operations": {
                        "process": {
                            "inputs": {
                                "artifact-prefix-names": {
                                    "description": "Resource Assignment Artifact Prefix names",
                                    "entry_schema": {
                                        "type": "string"
                                    },
                                    "required": false,
                                    "type": "list"
                                },
                                "k8s-rb-definition-name": {
                                    "description": "K8s definition name",
                                    "required": false,
                                    "type": "string"
                                },
                                "k8s-rb-definition-version": {
                                    "description": "Version of the definition",
                                    "required": false,
                                    "type": "string"
                                },
                                "k8s-rb-profile-k8s-version": {
                                    "description": "a K8s cluster version for the profile",
                                    "required": false,
                                    "type": "string"
                                },
                                "k8s-rb-profile-name": {
                                    "description": "K8s profile name",
                                    "required": false,
                                    "type": "string"
                                },
                                "k8s-rb-profile-namespace": {
                                    "description": "a K8s namespace for the profile",
                                    "required": false,
                                    "type": "string"
                                },
                                "k8s-rb-profile-source": {
                                    "description": "Source (tgz/folder) for the template in CBA",
                                    "required": false,
                                    "type": "string"
                                },
                                "resource-assignment-map": {
                                    "description": "Holds resolved values for each artifact prefix eg. { vdns: { vnf-id: 123 } }",
                                    "required": false,
                                    "type": "json"
                                }
                            },
                            "outputs": {
                                "statuses": {
                                    "required": true,
                                    "type": "string"
                                }
                            }
                        }
                    }
                }
            },
            "version": "1.0.0"
        },
        "component-resource-resolution": {
            "attributes": {
                "assignment-map": {
                    "description": "Holds resolved values for each artifact prefix eg. { vdns: { vnf-id: 123 } }",
                    "required": true,
                    "type": "map"
                },
                "assignment-params": {
                    "description": "Holds resolved template, resolution-summary or key-value",
                    "required": true,
                    "type": "string"
                }
            },
            "capabilities": {
                "component-node": {
                    "type": "tosca.capabilities.Node"
                }
            },
            "derived_from": "tosca.nodes.Component",
            "description": "This is Resource Assignment Component API",
            "interfaces": {
                "ResourceResolutionComponent": {
                    "operations": {
                        "process": {
                            "inputs": {
                                "action-name": {
                                    "description": "Action Name of the process",
                                    "required": false,
                                    "type": "string"
                                },
                                "artifact-prefix-names": {
                                    "description": "Template , Resource Assignment Artifact Prefix names",
                                    "entry_schema": {
                                        "type": "string"
                                    },
                                    "required": true,
                                    "type": "list"
                                },
                                "dynamic-properties": {
                                    "description": "Dynamic Json Content or DSL Json reference.",
                                    "required": false,
                                    "type": "boolean"
                                },
                                "occurrence": {
                                    "default": 1,
                                    "description": "Number of time to perform the resolution.",
                                    "required": false,
                                    "type": "integer"
                                },
                                "request-id": {
                                    "description": "Request Id, Unique Id for the request.",
                                    "required": true,
                                    "type": "string"
                                },
                                "resolution-key": {
                                    "description": "Key for service instance related correlation.",
                                    "required": false,
                                    "type": "string"
                                },
                                "resolution-summary": {
                                    "description": "Enable resolution-summary output",
                                    "required": false,
                                    "type": "boolean"
                                },
                                "resource-id": {
                                    "description": "Resource Id.",
                                    "required": false,
                                    "type": "string"
                                },
                                "resource-type": {
                                    "description": "Request type.",
                                    "required": false,
                                    "type": "string"
                                },
                                "store-result": {
                                    "description": "Whether or not to store the output.",
                                    "required": false,
                                    "type": "boolean"
                                }
                            },
                            "outputs": {
                                "resource-assignment-map": {
                                    "required": true,
                                    "type": "string"
                                },
                                "resource-assignment-params": {
                                    "required": true,
                                    "type": "string"
                                },
                                "status": {
                                    "required": true,
                                    "type": "string"
                                }
                            }
                        }
                    }
                }
            },
            "version": "1.0.0"
        },
        "component-script-executor": {
            "attributes": {
                "response-data": {
                    "required": false,
                    "type": "json"
                }
            },
            "capabilities": {
                "component-node": {
                    "type": "tosca.capabilities.Node"
                }
            },
            "derived_from": "tosca.nodes.Component",
            "description": "This is CLI Transaction Configuration Component API",
            "interfaces": {
                "ComponentScriptExecutor": {
                    "operations": {
                        "process": {
                            "inputs": {
                                "dynamic-properties": {
                                    "description": "Dynamic Json Content or DSL Json reference.",
                                    "required": false,
                                    "type": "json"
                                },
                                "instance-dependencies": {
                                    "description": "Instance names to inject to Jython or Kotlin Script.",
                                    "entry_schema": {
                                        "type": "string"
                                    },
                                    "required": true,
                                    "type": "list"
                                },
                                "script-class-reference": {
                                    "description": "Kotlin Script class name or jython script name.",
                                    "required": true,
                                    "type": "string"
                                },
                                "script-type": {
                                    "constraints": [
                                        {
                                            "valid_values": [
                                                "kotlin",
                                                "jython",
                                                "internal"
                                            ]
                                        }
                                    ],
                                    "default": "internal",
                                    "description": "Script type, kotlin type is supported",
                                    "required": true,
                                    "type": "string"
                                }
                            },
                            "outputs": {
                                "response-data": {
                                    "description": "Execution Response Data.",
                                    "required": false,
                                    "type": "string"
                                },
                                "status": {
                                    "description": "Status of the Component Execution ( success or failure )",
                                    "required": true,
                                    "type": "string"
                                }
                            }
                        }
                    }
                }
            },
            "version": "1.0.0"
        },
        "source-capability": {
            "derived_from": "tosca.nodes.ResourceSource",
            "description": "This is Component Resource Source Node Type",
            "properties": {
                "instance-dependencies": {
                    "description": "Instance dependency Names to Inject to Kotlin / Jython Script.",
                    "entry_schema": {
                        "type": "string"
                    },
                    "required": false,
                    "type": "list"
                },
                "key-dependencies": {
                    "description": "Resource Resolution dependency dictionary names.",
                    "entry_schema": {
                        "type": "string"
                    },
                    "required": true,
                    "type": "list"
                },
                "script-class-reference": {
                    "description": "Capability reference name for internal and kotlin, for jython script file path",
                    "required": true,
                    "type": "string"
                },
                "script-type": {
                    "constraints": [
                        {
                            "valid_values": [
                                "kotlin",
                                "internal",
                                "jython"
                            ]
                        }
                    ],
                    "default": "kotlin",
                    "required": true,
                    "type": "string"
                }
            },
            "version": "1.0.0"
        },
        "source-db": {
            "derived_from": "tosca.nodes.ResourceSource",
            "description": "This is Database Resource Source Node Type",
            "properties": {
                "endpoint-selector": {
                    "required": false,
                    "type": "string"
                },
                "input-key-mapping": {
                    "entry_schema": {
                        "type": "string"
                    },
                    "required": false,
                    "type": "map"
                },
                "key-dependencies": {
                    "entry_schema": {
                        "type": "string"
                    },
                    "required": true,
                    "type": "list"
                },
                "output-key-mapping": {
                    "entry_schema": {
                        "type": "string"
                    },
                    "required": false,
                    "type": "map"
                },
                "query": {
                    "required": true,
                    "type": "string"
                },
                "type": {
                    "constraints": [
                        {
                            "valid_values": [
                                "SQL",
                                "PLSQL"
                            ]
                        }
                    ],
                    "default": "SQL",
                    "required": true,
                    "type": "string"
                }
            },
            "version": "1.0.0"
        },
        "source-default": {
            "derived_from": "tosca.nodes.ResourceSource",
            "description": "This is Default Resource Source Node Type",
            "properties": {},
            "version": "1.0.0"
        },
        "source-input": {
            "derived_from": "tosca.nodes.ResourceSource",
            "description": "This is Input Resource Source Node Type",
            "properties": {},
            "version": "1.0.0"
        },
        "source-rest": {
            "derived_from": "tosca.nodes.ResourceSource",
            "description": "This is Rest Resource Source Node Type",
            "properties": {
                "endpoint-selector": {
                    "required": false,
                    "type": "string"
                },
                "expression-type": {
                    "constraints": [
                        {
                            "valid_values": [
                                "JSON_PATH",
                                "JSON_POINTER"
                            ]
                        }
                    ],
                    "default": "JSON_PATH",
                    "required": false,
                    "type": "string"
                },
                "headers": {
                    "entry_schema": {
                        "type": "string"
                    },
                    "required": false,
                    "type": "map"
                },
                "input-key-mapping": {
                    "entry_schema": {
                        "type": "string"
                    },
                    "required": false,
                    "type": "map"
                },
                "key-dependencies": {
                    "entry_schema": {
                        "type": "string"
                    },
                    "required": true,
                    "type": "list"
                },
                "output-key-mapping": {
                    "entry_schema": {
                        "type": "string"
                    },
                    "required": false,
                    "type": "map"
                },
                "path": {
                    "required": true,
                    "type": "string"
                },
                "payload": {
                    "default": "",
                    "required": false,
                    "type": "string"
                },
                "type": {
                    "constraints": [
                        {
                            "valid_values": [
                                "JSON"
                            ]
                        }
                    ],
                    "default": "JSON",
                    "required": true,
                    "type": "string"
                },
                "url-path": {
                    "required": true,
                    "type": "string"
                },
                "verb": {
                    "constraints": [
                        {
                            "valid_values": [
                                "GET",
                                "POST",
                                "DELETE",
                                "PUT"
                            ]
                        }
                    ],
                    "default": "GET",
                    "required": true,
                    "type": "string"
                }
            },
            "version": "1.0.0"
        },
        "tosca.nodes.Component": {
            "derived_from": "tosca.nodes.Root",
            "description": "This is default Component Node",
            "version": "1.0.0"
        },
        "tosca.nodes.ResourceSource": {
            "derived_from": "tosca.nodes.Root",
            "description": "TOSCA base type for Resource Sources",
            "version": "1.0.0"
        }
    }
}
